-- phpMyAdmin SQL Dump
-- version 5.2.0
-- https://www.phpmyadmin.net/
--
-- Host: localhost:8889
-- Generation Time: Mar 22, 2024 at 06:26 PM
-- Server version: 5.7.39
-- PHP Version: 8.2.0

SET SQL_MODE = "NO_AUTO_VALUE_ON_ZERO";
START TRANSACTION;
SET time_zone = "+00:00";


/*!40101 SET @OLD_CHARACTER_SET_CLIENT=@@CHARACTER_SET_CLIENT */;
/*!40101 SET @OLD_CHARACTER_SET_RESULTS=@@CHARACTER_SET_RESULTS */;
/*!40101 SET @OLD_COLLATION_CONNECTION=@@COLLATION_CONNECTION */;
/*!40101 SET NAMES utf8mb4 */;

--
-- Database: `whats_happening`
--

-- --------------------------------------------------------

--
-- Table structure for table `Events`
--

CREATE TABLE `Events` (
  `EventID` int(11) NOT NULL,
  `EventTypeID` int(11) NOT NULL,
  `GroupID` int(11) NOT NULL,
  `EventDate` timestamp NOT NULL DEFAULT CURRENT_TIMESTAMP,
  `SubmitDate` timestamp NOT NULL DEFAULT CURRENT_TIMESTAMP,
  `EventTitle` varchar(100) NOT NULL,
  `EventImage` varchar(50) NOT NULL,
  `EventDesc` text NOT NULL
) ENGINE=InnoDB DEFAULT CHARSET=utf8;

--
-- Dumping data for table `Events`
--

INSERT INTO `Events` (`EventID`, `EventTypeID`, `GroupID`, `EventDate`, `SubmitDate`, `EventTitle`, `EventImage`, `EventDesc`) VALUES
(1, 5, 1, '2024-02-25 22:00:00', '2024-01-04 01:11:38', 'Support Spay and Nueter Day', 'files/images/events/animal1.jpg', 'Nullam id pellentesque ante. Vestibulum in convallis mauris.Duis dolor augue, varius eget gravida eu, ullamcorper vitae sem. Curabitur eleifend maximus finibus. Phasellus sagittis porttitor augue ut commodo.Duis dolor augue, varius eget gravida eu, ullamcorper vitae sem. '),
(2, 3, 6, '2024-02-26 15:00:00', '2024-01-11 01:11:38', 'Come Skate on the Oval', 'files/images/events/skate3.jpg', 'Nunc vel commodo sapien. Phasellus ac enim sit amet ligula congue scelerisque sit amet quis tellus.Ut tincidunt nibh sapien, nec interdum eros fringilla in. '),
(3, 3, 8, '2024-02-28 00:00:00', '2024-01-15 09:07:28', 'Learn to Ski', 'files/images/events/ski6.jpg', 'Aliquam consequat, est et posuere maximus, magna arcu dapibus justo.'),
(4, 4, 2, '2024-02-28 21:00:00', '2024-02-01 18:08:44', 'Food/Wine Pairing', 'files/images/events/food1.jpg', 'Aenean odio ante, efficitur vel porttitor id, imperdiet ut urna. Ut tincidunt nibh sapien, nec interdum eros fringilla in. Cras accumsan rutrum arcu ac congue. Integer finibus velit eu elementum rutrum.'),
(5, 2, 3, '2024-03-01 22:00:00', '2024-02-18 13:18:10', 'Exhibition of Local Dance', 'files/images/events/dance1.jpg', 'Sed sit amet urna sed nisl lobortis pharetra sit amet at nulla. Nulla euismod elit in mauris dignissim auctor. Aenean a diam non turpis mollis auctor ac quis est.'),
(6, 5, 4, '2024-03-08 22:00:00', '2024-02-21 01:27:33', 'Local Bands compete to raise funds for national competition', 'files/images/events/music1.jpg', 'Ut ligula metus, pretium non dapibus dictum, rutrum at magna. Pellentesque et lorem in diam pharetra cursus eget et ex. Integer finibus velit eu elementum rutrum.'),
(7, 5, 1, '2024-06-02 16:00:00', '2024-02-18 10:16:11', 'Meet, Greet and Adapt Day', 'files/images/events/animal3.jpg', 'Esistono innumerevoli variazioni dei passaggi del Lorem Ipsum, ma la maggior parte hanno subito delle variazioni del tempo, a causa dell’inserimento di passaggi ironici, o di sequenze casuali di caratteri palesemente poco verosimili. '),
(8, 5, 5, '2024-06-05 20:00:00', '2024-02-14 13:08:11', 'Auction of local art to support local artists', 'files/images/events/art1.jpg', 'Quisque vel rutrum est. Donec in turpis nec enim tincidunt eleifend vel eu nunc.Varius eget gravida eu, ullamcorper vitae sem.'),
(9, 1, 4, '2024-07-29 21:00:00', '2024-02-18 01:31:26', 'Spring concert', 'files/images/events/music2.jpg', 'Orci varius natoque penatibus et magnis dis parturient montes, nascetur ridiculus mus. Sed pellentesque ullamcorper sem eget congue. Cras porta leo vitae neque egestas vehicula. Fusce libero dui, consequat cursus est sed, eleifend vestibulum ipsum. Nunc vehicula, dolor tempus tincidunt molestie, nisi odio molestie risus, a elementum turpis velit sed lacus.'),
(10, 4, 2, '2024-06-30 19:00:00', '2024-02-20 01:31:26', 'Spring Hamper - Get Yours', 'files/images/events/food7.jpg', 'Nam ut erat non nulla tristique fringilla at ut libero. Duis nec consectetur turpis. Maecenas fermentum suscipit magna et sagittis. Aenean facilisis posuere finibus. In et sapien laoreet, vehicula neque ac, mattis mauris.'),
(11, 2, 3, '2024-04-04 21:00:00', '2024-03-05 03:19:13', 'Learn to Dance', 'files/images/events/dance5.jpg', 'Proin et imperdiet elit, ac interdum nulla. Sed massa arcu, suscipit eu rutrum a, ultricies in nibh. Integer ac venenatis dui, et euismod nunc. Integer auctor ante rutrum elit commodo, vitae iaculis velit lobortis. Phasellus posuere nulla at quam condimentum, a imperdiet urna vehicula.'),
(12, 5, 9, '2024-07-04 18:00:00', '2024-03-20 02:30:24', 'Afternoon of Music', 'files/images/events/music6.jpg', 'Cras elit nisl, dapibus ut ornare sit amet, egestas eu ex. Quisque semper sem vitae turpis lobortis mollis. Nam consequat consequat eros, ut gravida quam.');

-- --------------------------------------------------------

--
-- Table structure for table `EventTypes`
--

CREATE TABLE `EventTypes` (
  `EventTypeID` int(11) NOT NULL,
  `EventType` varchar(100) NOT NULL
) ENGINE=InnoDB DEFAULT CHARSET=utf8;

--
-- Dumping data for table `EventTypes`
--

INSERT INTO `EventTypes` (`EventTypeID`, `EventType`) VALUES
(1, 'Music'),
(2, 'Art+Culture'),
(3, 'Sports'),
(4, 'Food'),
(5, 'Fund Raiser');

-- --------------------------------------------------------

--
-- Table structure for table `Groups`
--

CREATE TABLE `Groups` (
  `GroupID` int(11) NOT NULL,
  `GroupName` varchar(100) NOT NULL,
  `GroupImage` varchar(50) NOT NULL,
  `GroupType` varchar(100) NOT NULL,
  `GroupDesc` text NOT NULL,
  `ContactName` varchar(255) NOT NULL,
  `ContactEmail` varchar(255) NOT NULL
) ENGINE=InnoDB DEFAULT CHARSET=utf8;

--
-- Dumping data for table `Groups`
--

INSERT INTO `Groups` (`GroupID`, `GroupName`, `GroupImage`, `GroupType`, `GroupDesc`, `ContactName`, `ContactEmail`) VALUES
(1, 'Human Society', 'files/images/Groups/HumanSociety.jpg', 'Animal Shelter', 'Nullam id pellentesque ante. Vestibulum in convallis mauris.Duis dolor augue, varius eget gravida eu, ullamcorper vitae sem. Curabitur eleifend maximus finibus. Phasellus sagittis porttitor augue ut commodo.Duis dolor augue, varius eget gravida eu, ullamcorper vitae sem. ', 'Petra Barn', 'pb@hs.com'),
(2, 'Eat Local', 'files/images/Groups/EatLocal.jpg', 'Promotes Local Farms', 'Aenean odio ante, efficitur vel porttitor id, imperdiet ut urna. Ut tincidunt nibh sapien, nec interdum eros fringilla in. Cras accumsan rutrum arcu ac congue. Integer finibus velit eu elementum rutrum.', 'Joe Farm', 'joe@farms.com'),
(3, 'Dance NS', 'files/images/Groups/DanceNS.jpg', 'Dance for Youth', 'Sed sit amet urna sed nisl lobortis pharetra sit amet at nulla. Nulla euismod elit in mauris dignissim auctor. Aenean a diam non turpis mollis auctor ac quis est.', 'Ami Glen', 'ami@NSD.com'),
(4, 'Youth Band', 'files/images/Groups/YouthBand.jpg', 'Promotes Local School Bands', 'Ut ligula metus, pretium non dapibus dictum, rutrum at magna. Pellentesque et lorem in diam pharetra cursus eget et ex. Integer finibus velit eu elementum rutrum.', 'Drum Trumpet', 'DT@band.com'),
(5, 'Nocturne Association', 'files/images/Groups/Nocturne.jpg', 'Showcasing and supporting local art', 'Quisque vel rutrum est. Donec in turpis nec enim tincidunt eleifend vel eu nunc.Varius eget gravida eu, ullamcorper vitae sem.', 'P Blue', 'pb@nocturne.com'),
(6, 'Outdoor Skating Group', 'files/images/Groups/Outdoor_Skate.jpg', 'Organizes outdoor skating', 'Nunc vel commodo sapien. Phasellus ac enim sit amet ligula congue scelerisque sit amet quis tellus.Ut tincidunt nibh sapien, nec interdum eros fringilla in. ', 'Blade Fast', 'bf@rink.com'),
(7, 'NS Soccer Association', 'files/images/Groups/NS_Soccer.jpg', 'Organzies youth soccer', 'Lorem ipsum dolor sit amet, consectetur adipiscing elit. Aliquam consequat, est et posuere maximus, magna arcu dapibus justo, ac congue dui dui sed tellus. Aliquam bibendum efficitur lacinia. Quisque ac pellentesque turpis', 'Soca Foot', 'soca@soccer.com'),
(8, 'NS Ski School', 'files/images/Groups/NS_Ski.jpg', 'Downhill skiing', 'Aliquam consequat, est et posuere maximus, magna arcu dapibus justo.', 'SK Downing', 'sk@hill.com'),
(9, 'Halifax Jazz Band', 'files/images/Groups/music6.jpg', 'Annual Music Festival', 'Sed id lacinia tortor. In hac habitasse platea dictumst. Integer a scelerisque lacus. Fusce turpis sapien, vulputate eu tellus eu, vestibulum rhoncus est. Fusce commodo pretium dolor a pulvinar. Proin lobortis maximus arcu. Vivamus non ipsum libero.', 'B. Major', 'major@jazz.ca'),
(10, 'Pottery Class', 'files/images/Groups/art2.jpg', 'Art of Pottery', 'Vivamus non ipsum libero.', 'C. Pott', 'clay@pottery.ca');

-- --------------------------------------------------------

--
-- Table structure for table `Login`
--

CREATE TABLE `Login` (
  `AccountID` int(11) NOT NULL,
  `GroupID` int(11) NOT NULL,
  `Username` varchar(255) NOT NULL,
  `Password` varchar(255) NOT NULL
) ENGINE=InnoDB DEFAULT CHARSET=utf8;

--
-- Dumping data for table `Login`
--

INSERT INTO `Login` (`AccountID`, `GroupID`, `Username`, `Password`) VALUES
(1, 1, 'humanS', 'abc123'),
(2, 2, 'locals', 'abc123'),
(3, 3, 'dancer', 'abc123'),
(4, 4, 'bands', 'abc123'),
(5, 5, 'nocturne', 'abc123'),
(6, 6, 'skate', 'abc123'),
(7, 7, 'soccer', 'abc123'),
(8, 8, 'skiNS', 'abc123'),
(9, 9, 'jazzyB', 'abc123'),
(10, 10, 'clayP', 'abc123');

--
-- Indexes for dumped tables
--

--
-- Indexes for table `Events`
--
ALTER TABLE `Events`
  ADD PRIMARY KEY (`EventID`),
  ADD KEY `fk_to_EventTypeID` (`EventTypeID`),
  ADD KEY `fk_to_GroupID` (`GroupID`);

--
-- Indexes for table `EventTypes`
--
ALTER TABLE `EventTypes`
  ADD PRIMARY KEY (`EventTypeID`);

--
-- Indexes for table `Groups`
--
ALTER TABLE `Groups`
  ADD PRIMARY KEY (`GroupID`);

--
-- Indexes for table `Login`
--
ALTER TABLE `Login`
  ADD PRIMARY KEY (`AccountID`),
  ADD KEY `fk_LoginGroupID_GroupID` (`GroupID`);

--
-- AUTO_INCREMENT for dumped tables
--

--
-- AUTO_INCREMENT for table `Events`
--
ALTER TABLE `Events`
  MODIFY `EventID` int(11) NOT NULL AUTO_INCREMENT, AUTO_INCREMENT=13;

--
-- AUTO_INCREMENT for table `EventTypes`
--
ALTER TABLE `EventTypes`
  MODIFY `EventTypeID` int(11) NOT NULL AUTO_INCREMENT, AUTO_INCREMENT=6;

--
-- AUTO_INCREMENT for table `Groups`
--
ALTER TABLE `Groups`
  MODIFY `GroupID` int(11) NOT NULL AUTO_INCREMENT, AUTO_INCREMENT=11;

--
-- AUTO_INCREMENT for table `Login`
--
ALTER TABLE `Login`
  MODIFY `AccountID` int(11) NOT NULL AUTO_INCREMENT, AUTO_INCREMENT=11;

--
-- Constraints for dumped tables
--

--
-- Constraints for table `Events`
--
ALTER TABLE `Events`
  ADD CONSTRAINT `fk_to_EventTypeID` FOREIGN KEY (`EventTypeID`) REFERENCES `EventTypes` (`EventTypeID`),
  ADD CONSTRAINT `fk_to_GroupID` FOREIGN KEY (`GroupID`) REFERENCES `Groups` (`GroupID`);

--
-- Constraints for table `Login`
--
ALTER TABLE `Login`
  ADD CONSTRAINT `fk_LoginGroupID_GroupID` FOREIGN KEY (`GroupID`) REFERENCES `Groups` (`GroupID`);
COMMIT;

/*!40101 SET CHARACTER_SET_CLIENT=@OLD_CHARACTER_SET_CLIENT */;
/*!40101 SET CHARACTER_SET_RESULTS=@OLD_CHARACTER_SET_RESULTS */;
/*!40101 SET COLLATION_CONNECTION=@OLD_COLLATION_CONNECTION */;
